[
    {
        "date": "2024-12-04",
        "condition": "available",
        "last_modified_date": "2024-12-05"
    },
    {
        "date": "2024-12-05",
        "condition": "available",
        "last_modified_date": "2024-12-06"
    },
    {
        "date": "2024-12-06",
        "condition": "available",
        "last_modified_date": "2024-12-07"
    },
    {
        "date": "2024-12-09",
        "condition": "available",
        "last_modified_date": "2024-12-10"
    },
    {
        "date": "2024-12-10",
        "condition": "available",
        "last_modified_date": "2024-12-11"
    }
]