{
    "version": 1,
    "job_id": "XNAS-20250106-4PTDBFJB6S",
    "query": {
        "dataset": "XNAS.ITCH",
        "schema": "mbp-10",
        "symbols": [
            "RDDT"
        ],
        "stype_in": "raw_symbol",
        "stype_out": "instrument_id",
        "start": 1733270400000000000,
        "end": 1733875200000000000,
        "limit": null,
        "encoding": "csv",
        "compression": "zstd"
    },
    "customizations": {
        "pretty_px": true,
        "pretty_ts": true,
        "map_symbols": true,
        "split_symbols": false,
        "split_duration": "day",
        "split_size": null,
        "packaging": null,
        "delivery": "download"
    }
}